{
    "name": "root",
    "metadata": {
        "timer_format_version": "0.1.0",
        "start_time_seconds": "1622816722",
        "python_version": "3.9.2 (default, Feb 24 2021, 13:26:09) \n[Clang 12.0.0 (clang-1200.0.32.29)]",
        "command_line_arguments": "/usr/local/bin/mlagents-learn config/moveToGoal.yaml --run-id=MoveToGoal2 --force",
        "mlagents_version": "0.26.0",
        "mlagents_envs_version": "0.26.0",
        "communication_protocol_version": "1.5.0",
        "pytorch_version": "1.7.1",
        "numpy_version": "1.19.5",
        "end_time_seconds": "1622816927"
    },
    "total": 204.860118075,
    "count": 1,
    "self": 0.006355982999991738,
    "children": {
        "run_training.setup": {
            "total": 0.122482851,
            "count": 1,
            "self": 0.122482851
        },
        "TrainerController.start_learning": {
            "total": 204.731279241,
            "count": 1,
            "self": 0.04254835900033527,
            "children": {
                "TrainerController._reset_env": {
                    "total": 24.165385945,
                    "count": 1,
                    "self": 24.165385945
                },
                "TrainerController.advance": {
                    "total": 180.31547303099967,
                    "count": 1431,
                    "self": 0.04284821999974042,
                    "children": {
                        "env_step": {
                            "total": 177.34338923199957,
                            "count": 1431,
                            "self": 174.77975513199897,
                            "children": {
                                "SubprocessEnvManager._take_step": {
                                    "total": 2.537301454000197,
                                    "count": 1431,
                                    "self": 0.10129007100035992,
                                    "children": {
                                        "TorchPolicy.evaluate": {
                                            "total": 2.436011382999837,
                                            "count": 1317,
                                            "self": 0.5903367609995485,
                                            "children": {
                                                "TorchPolicy.sample_actions": {
                                                    "total": 1.8456746220002884,
                                                    "count": 1317,
                                                    "self": 1.8456746220002884
                                                }
                                            }
                                        }
                                    }
                                },
                                "workers": {
                                    "total": 0.026332646000387427,
                                    "count": 1430,
                                    "self": 0.0,
                                    "children": {
                                        "worker_root": {
                                            "total": 184.31697319300045,
                                            "count": 1430,
                                            "is_parallel": true,
                                            "self": 11.512243877000714,
                                            "children": {
                                                "steps_from_proto": {
                                                    "total": 0.0003593670000014981,
                                                    "count": 1,
                                                    "is_parallel": true,
                                                    "self": 0.00020530600000512322,
                                                    "children": {
                                                        "_process_rank_one_or_two_observation": {
                                                            "total": 0.0001540609999963749,
                                                            "count": 2,
                                                            "is_parallel": true,
                                                            "self": 0.0001540609999963749
                                                        }
                                                    }
                                                },
                                                "UnityEnvironment.step": {
                                                    "total": 172.80436994899975,
                                                    "count": 1430,
                                                    "is_parallel": true,
                                                    "self": 0.15855152800003225,
                                                    "children": {
                                                        "UnityEnvironment._generate_step_input": {
                                                            "total": 0.30893762299988836,
                                                            "count": 1430,
                                                            "is_parallel": true,
                                                            "self": 0.30893762299988836
                                                        },
                                                        "communicator.exchange": {
                                                            "total": 171.72913513699962,
                                                            "count": 1430,
                                                            "is_parallel": true,
                                                            "self": 171.72913513699962
                                                        },
                                                        "steps_from_proto": {
                                                            "total": 0.6077456610002301,
                                                            "count": 1430,
                                                            "is_parallel": true,
                                                            "self": 0.36553732499995206,
                                                            "children": {
                                                                "_process_rank_one_or_two_observation": {
                                                                    "total": 0.24220833600027802,
                                                                    "count": 2860,
                                                                    "is_parallel": true,
                                                                    "self": 0.24220833600027802
                                                                }
                                                            }
                                                        }
                                                    }
                                                }
                                            }
                                        }
                                    }
                                }
                            }
                        },
                        "trainer_advance": {
                            "total": 2.9292355790003732,
                            "count": 1430,
                            "self": 0.050823580000773916,
                            "children": {
                                "process_trajectory": {
                                    "total": 0.35661836399956925,
                                    "count": 1430,
                                    "self": 0.35661836399956925
                                },
                                "_update_policy": {
                                    "total": 2.52179363500003,