{
    "name": "root",
    "gauges": {
        "ZARAgoal.Policy.Entropy.mean": {
            "value": 1.669127345085144,
            "min": 1.669127345085144,
            "max": 1.7632877826690674,
            "count": 2
        },
        "ZARAgoal.Policy.Entropy.sum": {
            "value": 83352.8828125,
            "min": 83352.8828125,
            "max": 89017.8203125,
            "count": 2
        },
        "ZARAgoal.Environment.EpisodeLength.mean": {
            "value": 48.20058708414873,
            "min": 45.75517890772128,
            "max": 48.20058708414873,
            "count": 2
        },
        "ZARAgoal.Environment.EpisodeLength.sum": {
            "value": 49261.0,
            "min": 48592.0,
            "max": 49261.0,
            "count": 2
        },
        "ZARAgoal.Step.mean": {
            "value": 99967.0,
            "min": 49983.0,
            "max": 99967.0,
            "count": 2
        },
        "ZARAgoal.Step.sum": {
            "value": 99967.0,
            "min": 49983.0,
            "max": 99967.0,
            "count": 2
        },
        "ZARAgoal.Policy.ExtrinsicValueEstimate.mean": {
            "value": 3.8827946186065674,
            "min": 0.7567872405052185,
            "max": 3.8827946186065674,
            "count": 2
        },
        "ZARAgoal.Policy.ExtrinsicValueEstimate.sum": {
            "value": 5544.630859375,
            "min": 1095.0711669921875,
            "max": 5544.630859375,
            "count": 2
        },
        "ZARAgoal.Environment.CumulativeReward.mean": {
            "value": 8.113541416466994,
            "min": 3.4733506016573816,
            "max": 8.113541416466994,
            "count": 2
        },
        "ZARAgoal.Environment.CumulativeReward.sum": {
            "value": 8300.152869045734,
            "min": 3681.7516377568245,
            "max": 8300.152869045734,
            "count": 2
        },
        "ZARAgoal.Policy.ExtrinsicReward.mean": {
            "value": 8.113541416466994,
            "min": 3.4733506016573816,
            "max": 8.113541416466994,
            "count": 2
        },
        "ZARAgoal.Policy.ExtrinsicReward.sum": {
            "value": 8300.152869045734,
            "min": 3681.7516377568245,
            "max": 8300.152869045734,
            "count": 2
        },
        "ZARAgoal.Losses.PolicyLoss.mean": {
            "value": 0.025256696809083223,
            "min": 0.024287366572146616,
            "max": 0.025256696809083223,
            "count": 2
        },
        "ZARAgoal.Losses.PolicyLoss.sum": {
            "value": 0.12628348404541612,
            "min": 0.09714946628858646,
            "max": 0.12628348404541612,
            "count": 2
        },
        "ZARAgoal.Losses.ValueLoss.mean": {
            "value": 38.747003402709964,
            "min": 32.338342396418255,
            "max": 38.747003402709964,
            "count": 2
        },
        "ZARAgoal.Losses.ValueLoss.sum": {
            "value": 193.73501701354982,
            "min": 129.35336958567302,
            "max": 193.73501701354982,
            "count": 2
        },
        "ZARAgoal.Policy.LearningRate.mean": {
            "value": 0.00025672453442516,
            "min": 0.00025672453442516,
            "max": 0.00028456350514549997,
            "count": 2
        },
        "ZARAgoal.Policy.LearningRate.sum": {
            "value": 0.0012836226721258,
            "min": 0.0011382540205819999,
            "max": 0.0012836226721258,
            "count": 2
        },
        "ZARAgoal.Policy.Epsilon.mean": {
            "value": 0.18557483999999996,
            "min": 0.18557483999999996,
            "max": 0.19485450000000004,
            "count": 2
        },
        "ZARAgoal.Policy.Epsilon.sum": {
            "value": 0.9278741999999998,
            "min": 0.7794180000000002,
            "max": 0.9278741999999998,
            "count": 2
        },
        "ZARAgoal.Policy.Beta.mean": {
            "value": 0.004280184515999999,
            "min": 0.004280184515999999,
            "max": 0.00474323955,
            "count": 2
        },
        "ZARAgoal.Policy.Beta.sum": {
            "value": 0.021400922579999995,
            "min": 0.0189729582,
            "max": 0.021400922579999995,
            "count": 2
        },
        "ZARAgoal.IsTraining.mean": {
            "value": 1.0,
            "min": 1.0,
            "max": 1.0,
            "count": 2
        },
        "ZARAgoal.IsTraining.sum": {
            "value": 1.0,
            "min": 1.0,
            "max": 1.0,
            "count": 2
        }
    },
    "metadata": {
        "timer_format_version": "0.1.0",
        "start_time_seconds": "1624803354",
        "python_version": "3.9.5 (tags/v3.9.5:0a7dcbd, May  3 2021, 17:27:52) [MSC v.1928 64 bit (AMD64)]",
        "command_line_arguments": "D:\\Desktop\\Crowds-and-ML-Agents\\venv\\Scripts\\mlagents-learn --run-id=testReinRay4 --force",
        "mlagents_version": "0.27.0",
        "mlagents_envs_version": "0.27.0",
        "communication_protocol_version": "1.5.0",
        "pytorch_version": "1.9.0+cu111",
        "numpy_version": "1.20.3",
        "end_time_seconds": "1624803919"
    },
    "total": 565.2688854,
    "count": 1,
    "self": 0.0038147999999864624,
    "children": {
        "run_training.setup": {
            "total": 0.022821800000000003,
            "count": 1,
            "self": 0.022821800000000003
        },
        "TrainerController.start_learning": {
            "total": 565.2422488000001,
            "count": 1,
            "self": 0.1538381000013942,
            "children": {
                "TrainerController._reset_env": {
                    "total": 6.6859871,
                    "count": 1,
                    "self": 6.6859871
                },
                "TrainerController.advance": {
                    "total": 558.2910078999987,
                    "count": 8886,
                    "self": 0.15016439999885733,
                    "children": {
                        "env_step": {
                            "total": 525.1869048000019,
                            "count": 8886,
                            "self": 507.2571834000037,
                            "children": {
                                "SubprocessEnvManager._take_step": {
                                    "total": 17.83684209999569,
                                    "count": 8886,
                                    "self": 0.38806289999548227,
                                    "children": {
                                        "TorchPolicy.evaluate": {
                                            "total": 17.448779200000207,
                                            "count": 7021,
                                            "self": 6.017176999996678,
                                            "children": {
                                                "TorchPolicy.sample_actions": {
                                                    "total": 11.431602200003528,
                                                    "count": 7021,
                                                    "self": 11.431602200003528
                                                }
                                            }
                                        }
                                    }
                                },
                                "workers": {
                                    "total": 0.09287930000251521,
                                    "count": 8885,
                                    "self": 0.0,
                                    "children": {
                                        "worker_root": {
                                            "total": 559.4703673999999,
                                            "count": 8885,
                                            "is_parallel": true,
                                            "self": 62.50789970000284,