{
    "name": "root",
    "metadata": {
        "timer_format_version": "0.1.0",
        "start_time_seconds": "1622912274",
        "python_version": "3.9.2 (default, Feb 24 2021, 13:26:09) \n[Clang 12.0.0 (clang-1200.0.32.29)]",
        "command_line_arguments": "/usr/local/bin/mlagents-learn config/moveToGoal.yaml --run-id=Imitation --force",
        "mlagents_version": "0.26.0",
        "mlagents_envs_version": "0.26.0",
        "communication_protocol_version": "1.5.0",
        "pytorch_version": "1.7.1",
        "numpy_version": "1.19.5",
        "end_time_seconds": "1622912443"
    },
    "total": 169.119091873,
    "count": 1,
    "self": 0.007122228000014275,
    "children": {
        "run_training.setup": {
            "total": 0.11377955099999992,
            "count": 1,
            "self": 0.11377955099999992
        },
        "TrainerController.start_learning": {
            "total": 168.998190094,
            "count": 1,
            "self": 0.01369635900010735,
            "children": {
                "TrainerController._reset_env": {
                    "total": 19.87754582,
                    "count": 1,
                    "self": 16.100492533,
                    "children": {
                        "demo_to_buffer": {
                            "total": 3.777053287000001,
                            "count": 2,
                            "self": 0.014987063999999606,
                            "children": {
                                "load_demonstration": {
                                    "total": 0.8028694660000006,
                                    "count": 2,
                                    "self": 0.8022592240000002,
                                    "children": {
                                        "read_file": {
                                            "total": 0.0006102420000004827,
                                            "count": 2,
                                            "self": 0.0006102420000004827
                                        }
                                    }
                                },
                                "make_demo_buffer": {
                                    "total": 2.959196757000001,
                                    "count": 2,
                                    "self": 0.5946420280002869,
                                    "children": {
                                        "steps_from_proto": {
                                            "total": 2.364554728999714,
                                            "count": 16820,
                                            "self": 1.6071304449993882,
                                            "children": {
                                                "_process_rank_one_or_two_observation": {
                                                    "total": 0.7574242840003258,
                                                    "count": 33640,
                                                    "self": 0.7574242840003258
                                                }
                                            }
                                        }
                                    }
                                }
                            }
                        }
                    }
                },
                "TrainerController.advance": {
                    "total": 148.93284700599992,
                    "count": 667,
                    "self": 0.012946607000515087,
                    "children": {
                        "env_step": {
                            "total": 10.714967834999644,
                            "count": 667,
                            "self": 9.89629448899952,
                            "children": {
                                "SubprocessEnvManager._take_step": {
                                    "total": 0.8099856600000166,
                                    "count": 667,
                                    "self": 0.03609974899984181,
                                    "children": {
                                        "TorchPolicy.evaluate": {
                                            "total": 0.7738859110001748,
                                            "count": 614,
                                            "self": 0.18074994000006228,
                                            "children": {
                                                "TorchPolicy.sample_actions": {
                                                    "total": 0.5931359710001125,
                                                    "count": 614,
                                                    "self": 0.5931359710001125
                                                }
                                            }
                                        }
                                    }
                                },
                                "workers": {
                                    "total": 0.008687686000108386,
                                    "count": 666,
                                    "self": 0.0,
                                    "children": {
                                        "worker_root": {
                                            "total": 155.93149608399943,
                                            "count": 666,
                                            "is_parallel": true,
                                            "self": 146.81097330099897,
                                            "children": {
                                                "steps_from_proto": {
                                                    "total": 0.0005557259999999786,
                                                    "count": 1,
                                                    "is_parallel": true,
                                                    "self": 0.0002970080000004316,
                                                    "children": {
                                                        "_process_rank_one_or_two_observation": {
                                                            "total": 0.00025871799999954703,
                                                            "count": 2,
                                                            "is_parallel": true,
                                                            "self": 0.00025871799999954703
                                                        }
                                                    }
                                                },
                                                "UnityEnvironment.step": {
                                                    "total": 9.119967057000473,
                                                    "count": 666,
                                                    "is_parallel": true,
                                                    "self": 0.054516910000593555,
                                                    "children": {
                                                        "UnityEnvironment._generate_step_input": {
                                                            "total": 0.3578754240000137,
                                                            "count": 666,
                                                            "is_parallel": true,
                                                            "self": 0.3578754240000137
                                                        },
                                                        "communicator.exchange": {
                                                            "total": 8.449877454999978,
                                                            "count": 666,
                                                            "is_parallel": true,