{"count":1,"self":104.76496639999999,"total":132.03804499999998,"children":{"InitializeActuators":{"count":415,"self":0.010887599999999999,"total":0.010887599999999999,"children":null},"InitializeSensors":{"count":415,"self":0.081411299999999992,"total":0.081411299999999992,"children":null},"AgentSendState":{"count":5754,"self":1.9498076,"total":20.9864955,"children":{"GridSensor.Update":{"count":31306,"self":18.5573856,"total":18.557385099999998,"children":null},"CollectObservations":{"count":31306,"self":0.1691933,"total":0.1691933,"children":null},"WriteActionMask":{"count":31306,"self":0.11608689999999999,"total":0.11608689999999999,"children":null},"RequestDecision":{"count":31306,"self":0.1940225,"total":0.1940225,"children":null}}},"DecideAction":{"count":5754,"self":3.4425779999999997,"total":5.5913276,"children":{"GridSensor.Write":{"count":31306,"self":1.8193688,"total":1.8193689,"children":null},"RayPerceptionSensor.Perceive":{"count":31306,"self":0.3293808,"total":0.3293808,"children":null}}},"AgentAct":{"count":5754,"self":0.6029587,"total":0.6029587,"children":null}},"gauges":{"StudentsImitation.CumulativeReward":{"count":404,"max":1.9842,"min":-3.2842145,"runningAverage":0.596110642,"value":1.02980018,"weightedAverage":1.0899899}},"metadata":{"timer_format_version":"0.1.0","start_time_seconds":"1627491244","unity_version":"2019.4.18f1","command_line_arguments":"C:\\Program Files\\Unity\\Hub\\Editor\\2019.4.18f1\\Editor\\Unity.exe -projectpath D:\/Desktop\/Crowds-and-ML-Agents -useHub -hubIPC -cloudEnvironment production -hubSessionId 49c2b560-ef88-11eb-abcf-0734edc42cfc -accessToken 4m_xg68Wwrcn5mlftjNKncJMLQfSP5EnTDhdRlgE4KU011f","communication_protocol_version":"1.5.0","com.unity.ml-agents_version":"2.0.0-pre.3","scene_name":"Menu","end_time_seconds":"1627491376"}}