{"count":1,"self":243.789696,"total":259.4879001,"children":{"InitializeActuators":{"count":203,"self":0.0069378999999999994,"total":0.0069378999999999994,"children":null},"InitializeSensors":{"count":203,"self":0.0451576,"total":0.0451576,"children":null},"AgentSendState":{"count":10755,"self":1.0572696,"total":9.0022375999999991,"children":{"GridSensor.Update":{"count":17514,"self":7.6937751999999993,"total":7.6937751,"children":null},"CollectObservations":{"count":17514,"self":0.088584299999999991,"total":0.088584299999999991,"children":null},"WriteActionMask":{"count":17514,"self":0.0442477,"total":0.0442477,"children":null},"RequestDecision":{"count":17514,"self":0.11836089999999999,"total":0.11836089999999999,"children":null}}},"DecideAction":{"count":10755,"self":4.9082044,"total":6.1935132,"children":{"GridSensor.Write":{"count":17514,"self":1.0888038,"total":1.0888038,"children":null},"RayPerceptionSensor.Perceive":{"count":17514,"self":0.19650489999999998,"total":0.19650489999999998,"children":null}}},"AgentAct":{"count":10755,"self":0.4503646,"total":0.4503646,"children":null}},"gauges":{"ZARAimitation.CumulativeReward":{"count":203,"max":1.9992,"min":-3.07980347,"runningAverage":0.3164136,"value":1.5492022,"weightedAverage":1.38016534}},"metadata":{"timer_format_version":"0.1.0","start_time_seconds":"1627396128","unity_version":"2019.4.18f1","command_line_arguments":"C:\\Program Files\\Unity\\Hub\\Editor\\2019.4.18f1\\Editor\\Unity.exe -projectpath D:\/Desktop\/Crowds-and-ML-Agents -useHub -hubIPC -cloudEnvironment production -hubSessionId 6ecbd800-eebb-11eb-b328-8dae85c58307 -accessToken eHivr1_gNutM0ELYtrw20NyfPgBn6sqNpbg6Jq62QBw011f","communication_protocol_version":"1.5.0","com.unity.ml-agents_version":"2.0.0-pre.3","scene_name":"Menu","end_time_seconds":"1627396388"}}