{"count":1,"self":1060.0933376,"total":1061.660166,"children":{"InitializeActuators":{"count":29,"self":0.0019836999999999997,"total":0.0019836999999999997,"children":null},"InitializeSensors":{"count":29,"self":0.010414399999999999,"total":0.010414399999999999,"children":null},"AgentSendState":{"count":449,"self":0.096275199999999991,"total":1.1016225,"children":{"GridSensor.Update":{"count":1782,"self":0.9676265,"total":0.9676265,"children":null},"CollectObservations":{"count":1782,"self":0.0099186,"total":0.0099186,"children":null},"WriteActionMask":{"count":1782,"self":0.0019852,"total":0.0019852,"children":null},"RequestDecision":{"count":1782,"self":0.025817,"total":0.025817,"children":null}}},"DecideAction":{"count":449,"self":0.28669079999999997,"total":0.41416539999999996,"children":{"GridSensor.Write":{"count":1782,"self":0.1041695,"total":0.1041695,"children":null},"RayPerceptionSensor.Perceive":{"count":1782,"self":0.0233051,"total":0.0233051,"children":null}}},"AgentAct":{"count":449,"self":0.038690499999999996,"total":0.038690499999999996,"children":null}},"gauges":{"StudentsImitation.CumulativeReward":{"count":9,"max":1.9432,"min":-2.0008,"runningAverage":0.8668448,"value":1.59920156,"weightedAverage":1.14461291}},"metadata":{"timer_format_version":"0.1.0","start_time_seconds":"1627132469","unity_version":"2019.4.18f1","command_line_arguments":"C:\\Program Files\\Unity\\Hub\\Editor\\2019.4.18f1\\Editor\\Unity.exe -projectpath D:\/Desktop\/Crowds-and-ML-Agents -useHub -hubIPC -cloudEnvironment production -hubSessionId 9a31e9f0-e950-11eb-bc9d-e3716b9c618a -accessToken KlUq1k1Pp2pUTCXW8h1U3vcSm_QVPXTrvVG2hbS87jY011f","communication_protocol_version":"1.5.0","com.unity.ml-agents_version":"2.0.0-pre.3","scene_name":"Menu","end_time_seconds":"1627133531"}}