{"count":1,"self":6.433674,"total":7.6745082999999994,"children":{"InitializeActuators":{"count":16,"self":0.0014881999999999999,"total":0.0014881999999999999,"children":null},"InitializeSensors":{"count":16,"self":0.0089255,"total":0.0089255,"children":null},"AgentSendState":{"count":318,"self":0.082378399999999991,"total":0.8883707,"children":{"GridSensor.Update":{"count":1024,"self":0.7807544,"total":0.7807544,"children":null},"CollectObservations":{"count":1024,"self":0.0034674,"total":0.0034674,"children":null},"WriteActionMask":{"count":1024,"self":0.0014877999999999998,"total":0.0014877999999999998,"children":null},"RequestDecision":{"count":1024,"self":0.0202827,"total":0.0202827,"children":null}}},"DecideAction":{"count":318,"self":0.18137009999999998,"total":0.3192352,"children":{"GridSensor.Write":{"count":1024,"self":0.12254219999999999,"total":0.12254219999999999,"children":null},"RayPerceptionSensor.Perceive":{"count":1024,"self":0.015322899999999999,"total":0.015322899999999999,"children":null}}},"AgentAct":{"count":318,"self":0.0218229,"total":0.0218229,"children":null}},"gauges":{"STUDENTSgoal.CumulativeReward":{"count":2,"max":-2.0002,"min":-2.0002,"runningAverage":-2.0002,"value":-2.0002,"weightedAverage":-2.0002}},"metadata":{"timer_format_version":"0.1.0","start_time_seconds":"1625523387","unity_version":"2019.4.18f1","command_line_arguments":"C:\\Program Files\\Unity\\Hub\\Editor\\2019.4.18f1\\Editor\\Unity.exe -projectpath D:\/Desktop\/Crowds-and-ML-Agents -useHub -hubIPC -cloudEnvironment production -hubSessionId 45240560-ddc0-11eb-8085-b5e5c00d6c34 -accessToken mHdKjGFPeapQ3xCvaaIBQ2osgQ7P9_Acfqht8acgbd8011f","communication_protocol_version":"1.5.0","com.unity.ml-agents_version":"2.0.0-pre.3","scene_name":"StudentsLearn","end_time_seconds":"1625523395"}}