{"count":1,"self":99.884351999999993,"total":113.7885163,"children":{"InitializeActuators":{"count":187,"self":0.0054852999999999994,"total":0.0054852999999999994,"children":null},"InitializeSensors":{"count":187,"self":0.0429112,"total":0.0429112,"children":null},"AgentSendState":{"count":4366,"self":0.96156639999999993,"total":10.2191917,"children":{"GridSensor.Update":{"count":17162,"self":9.00562,"total":9.0056199,"children":null},"CollectObservations":{"count":17162,"self":0.088069899999999993,"total":0.088069899999999993,"children":null},"WriteActionMask":{"count":17162,"self":0.055167999999999995,"total":0.055167999999999995,"children":null},"RequestDecision":{"count":17162,"self":0.10876749999999999,"total":0.10876749999999999,"children":null}}},"DecideAction":{"count":4366,"self":2.1118235999999997,"total":3.2978711,"children":{"GridSensor.Write":{"count":17162,"self":1.0117551,"total":1.0117551,"children":null},"RayPerceptionSensor.Perceive":{"count":17162,"self":0.17429229999999998,"total":0.17429229999999998,"children":null}}},"AgentAct":{"count":4366,"self":0.3376915,"total":0.3376915,"children":null}},"gauges":{"StudentsImitation.CumulativeReward":{"count":167,"max":2.00429988,"min":-3.13340759,"runningAverage":1.18755114,"value":1.76760018,"weightedAverage":1.5740701}},"metadata":{"timer_format_version":"0.1.0","start_time_seconds":"1627136172","unity_version":"2019.4.18f1","command_line_arguments":"C:\\Program Files\\Unity\\Hub\\Editor\\2019.4.18f1\\Editor\\Unity.exe -projectpath D:\/Desktop\/Crowds-and-ML-Agents -useHub -hubIPC -cloudEnvironment production -hubSessionId 9a31e9f0-e950-11eb-bc9d-e3716b9c618a -accessToken KlUq1k1Pp2pUTCXW8h1U3vcSm_QVPXTrvVG2hbS87jY011f","communication_protocol_version":"1.5.0","com.unity.ml-agents_version":"2.0.0-pre.3","scene_name":"StudentsImitation","end_time_seconds":"1627136286"}}