{"count":1,"self":18.7391088,"total":20.684435,"children":{"InitializeActuators":{"count":35,"self":0.0029768999999999998,"total":0.0029768999999999998,"children":null},"InitializeSensors":{"count":35,"self":0.0114132,"total":0.0114132,"children":null},"AgentSendState":{"count":595,"self":0.1273098,"total":1.3943002,"children":{"GridSensor.Update":{"count":2342,"self":1.2148733999999999,"total":1.2148733999999999,"children":null},"CollectObservations":{"count":2342,"self":0.014403299999999999,"total":0.014403299999999999,"children":null},"WriteActionMask":{"count":2342,"self":0.0089144999999999988,"total":0.0089144999999999988,"children":null},"RequestDecision":{"count":2342,"self":0.028799199999999997,"total":0.028799199999999997,"children":null}}},"DecideAction":{"count":595,"self":0.3266592,"total":0.4894077,"children":{"GridSensor.Write":{"count":2342,"self":0.1389867,"total":0.1389867,"children":null},"RayPerceptionSensor.Perceive":{"count":2342,"self":0.0237618,"total":0.0237618,"children":null}}},"AgentAct":{"count":595,"self":0.046236099999999995,"total":0.046236099999999995,"children":null}},"gauges":{"StudentsImitation.CumulativeReward":{"count":16,"max":1.76519966,"min":-2.1106,"runningAverage":1.04741347,"value":1.33270037,"weightedAverage":1.35272014}},"metadata":{"timer_format_version":"0.1.0","start_time_seconds":"1627130675","unity_version":"2019.4.18f1","command_line_arguments":"C:\\Program Files\\Unity\\Hub\\Editor\\2019.4.18f1\\Editor\\Unity.exe -projectpath D:\/Desktop\/Crowds-and-ML-Agents -useHub -hubIPC -cloudEnvironment production -hubSessionId 9a31e9f0-e950-11eb-bc9d-e3716b9c618a -accessToken ok7Ow58LsFl5RTtKRwuLmOm4yK2CUUluW3PS2_Mw9xo011f","communication_protocol_version":"1.5.0","com.unity.ml-agents_version":"2.0.0-pre.3","scene_name":"StudentsImitation","end_time_seconds":"1627130696"}}