{"count":1,"self":10.082132,"total":11.306969599999999,"children":{"InitializeActuators":{"count":6,"self":0.0019264999999999998,"total":0.0019264999999999998,"children":null},"InitializeSensors":{"count":6,"self":0.0059518,"total":0.0059518,"children":null},"AgentSendState":{"count":676,"self":0.07700449999999999,"total":0.7359602,"children":{"GridSensor.Update":{"count":816,"self":0.63267279999999992,"total":0.63267279999999992,"children":null},"CollectObservations":{"count":816,"self":0.0024795999999999998,"total":0.0024795999999999998,"children":null},"WriteActionMask":{"count":816,"self":0.0019848,"total":0.0019848,"children":null},"RequestDecision":{"count":816,"self":0.021818499999999998,"total":0.021818499999999998,"children":null}}},"DecideAction":{"count":676,"self":0.3439991,"total":0.45672219999999997,"children":{"GridSensor.Write":{"count":816,"self":0.0968255,"total":0.0968255,"children":null},"RayPerceptionSensor.Perceive":{"count":816,"self":0.015897599999999998,"total":0.015897599999999998,"children":null}}},"AgentAct":{"count":676,"self":0.023283099999999998,"total":0.023283099999999998,"children":null}},"gauges":{},"metadata":{"timer_format_version":"0.1.0","start_time_seconds":"1627055008","unity_version":"2019.4.18f1","command_line_arguments":"C:\\Program Files\\Unity\\Hub\\Editor\\2019.4.18f1\\Editor\\Unity.exe -projectpath D:\/Desktop\/Crowds-and-ML-Agents -useHub -hubIPC -cloudEnvironment production -hubSessionId 9a31e9f0-e950-11eb-bc9d-e3716b9c618a -accessToken ecZWxRxq_0X8ijaJy7qbtHp4lRe1GtM0AlmesE_aI1Q011f","communication_protocol_version":"1.5.0","com.unity.ml-agents_version":"2.0.0-pre.3","scene_name":"StudentsRein","end_time_seconds":"1627055019"}}