{"count":1,"self":1228.2007552,"total":1265.147154,"children":{"InitializeActuators":{"count":11,"self":0.0014877,"total":0.0014877,"children":null},"InitializeSensors":{"count":11,"self":0.0059444,"total":0.0059444,"children":null},"AgentSendState":{"count":14943,"self":3.9107119999999997,"total":26.1407362,"children":{"GridSensor.Update":{"count":32879,"self":21.740712,"total":21.7407123,"children":null},"CollectObservations":{"count":32879,"self":0.1610588,"total":0.1610588,"children":null},"WriteActionMask":{"count":32879,"self":0.10065769999999999,"total":0.10065769999999999,"children":null},"RequestDecision":{"count":32879,"self":0.22759549999999998,"total":0.22759549999999998,"children":null}}},"DecideAction":{"count":14943,"self":6.4530135999999994,"total":10.002495399999999,"children":{"GridSensor.Write":{"count":32879,"self":2.9693161999999997,"total":2.9693161999999997,"children":null},"RayPerceptionSensor.Perceive":{"count":32879,"self":0.58016539999999994,"total":0.58016539999999994,"children":null}}},"AgentAct":{"count":14943,"self":0.79472539999999992,"total":0.79472539999999992,"children":null}},"gauges":{"ZARAgoalInteract.CumulativeReward":{"count":82,"max":3.05633354,"min":-2.16692829,"runningAverage":1.78926337,"value":2.19882321,"weightedAverage":1.0114944}},"metadata":{"timer_format_version":"0.1.0","start_time_seconds":"1625813828","unity_version":"2019.4.18f1","command_line_arguments":"C:\\Program Files\\Unity\\Hub\\Editor\\2019.4.18f1\\Editor\\Unity.exe -projectpath D:\/Desktop\/Crowds-and-ML-Agents -useHub -hubIPC -cloudEnvironment production -hubSessionId b7105c70-dfcb-11eb-8f3a-d5a72d0e42cd -accessToken okB9z9YVKTLaBc_KEsB8AAWadgyy4o_tscrOlRbG7fM011f","communication_protocol_version":"1.5.0","com.unity.ml-agents_version":"2.0.0-pre.3","scene_name":"ZaraLearn","end_time_seconds":"1625815093"}}