{"count":1,"self":18.293539199999998,"total":19.253539399999998,"children":{"InitializeActuators":{"count":16,"self":0.0009835,"total":0.0009835,"children":null},"InitializeSensors":{"count":16,"self":0.0069771999999999994,"total":0.0069771999999999994,"children":null},"AgentSendState":{"count":589,"self":0.059537799999999995,"total":0.563484,"children":{"GridSensor.Update":{"count":930,"self":0.4741295,"total":0.4741295,"children":null},"CollectObservations":{"count":930,"self":0.0069733999999999994,"total":0.0069733999999999994,"children":null},"WriteActionMask":{"count":930,"self":0.0029760999999999998,"total":0.0029760999999999998,"children":null},"RequestDecision":{"count":930,"self":0.019867199999999998,"total":0.019867199999999998,"children":null}}},"DecideAction":{"count":589,"self":0.3097129,"total":0.3702062,"children":{"GridSensor.Write":{"count":930,"self":0.0535021,"total":0.0535021,"children":null},"RayPerceptionSensor.Perceive":{"count":930,"self":0.0069911999999999995,"total":0.0069911999999999995,"children":null}}},"AgentAct":{"count":589,"self":0.0178533,"total":0.0178533,"children":null}},"gauges":{"ZARAimitation.CumulativeReward":{"count":8,"max":1.88879991,"min":1.15960026,"runningAverage":1.49792647,"value":1.46920323,"weightedAverage":1.47578645}},"metadata":{"timer_format_version":"0.1.0","start_time_seconds":"1627131347","unity_version":"2019.4.18f1","command_line_arguments":"C:\\Program Files\\Unity\\Hub\\Editor\\2019.4.18f1\\Editor\\Unity.exe -projectpath D:\/Desktop\/Crowds-and-ML-Agents -useHub -hubIPC -cloudEnvironment production -hubSessionId 9a31e9f0-e950-11eb-bc9d-e3716b9c618a -accessToken KlUq1k1Pp2pUTCXW8h1U3vcSm_QVPXTrvVG2hbS87jY011f","communication_protocol_version":"1.5.0","com.unity.ml-agents_version":"2.0.0-pre.3","scene_name":"ZaraImitation","end_time_seconds":"1627131366"}}