{"count":1,"self":1216.4552704,"total":1216.6801979,"children":{"InitializeActuators":{"count":13,"self":0.0019828,"total":0.0019828,"children":null},"InitializeSensors":{"count":13,"self":0.011907899999999999,"total":0.011907899999999999,"children":null},"AgentSendState":{"count":517,"self":0.0133989,"total":0.2001269,"children":{"GridSensor.Update":{"count":470,"self":0.1434121,"total":0.1434121,"children":null},"CollectObservations":{"count":470,"self":0.0009943,"total":0.0009943,"children":null},"WriteActionMask":{"count":470,"self":0.0014873999999999998,"total":0.0014873999999999998,"children":null},"RequestDecision":{"count":470,"self":0.0064846999999999995,"total":0.0408342,"children":{"GridSensor.GetCompressedObservation":{"count":470,"self":0.0343495,"total":0.0343495,"children":null}}}}},"DecideAction":{"count":517,"self":0.0034660999999999997,"total":0.0034660999999999997,"children":null},"AgentAct":{"count":517,"self":0.0064472999999999996,"total":0.0064472999999999996,"children":null},"GridSensor.GetCompressedObservation":{"count":6,"self":0.00099359999999999987,"total":0.00099359999999999987,"children":null}},"gauges":{},"metadata":{"timer_format_version":"0.1.0","start_time_seconds":"1624131386","unity_version":"2019.4.18f1","command_line_arguments":"C:\\Program Files\\Unity\\Hub\\Editor\\2019.4.18f1\\Editor\\Unity.exe -projectpath D:\/Desktop\/Crowds-and-ML-Agents -useHub -hubIPC -cloudEnvironment production -hubSessionId 587a48a0-d12b-11eb-b0af-4b4887146833 -accessToken 7LVC_B1H7hWBIoDJ67pMGuFFBaHdNxTpDVuCtVFyds8011f","communication_protocol_version":"1.5.0","com.unity.ml-agents_version":"2.0.0-pre.3","scene_name":"ZaraLearn","end_time_seconds":"1624132603"}}