{"count":1,"self":20949.1296256,"total":32712.2967856,"children":{"InitializeActuators":{"count":47794,"self":1.0569161,"total":1.0569161,"children":null},"InitializeSensors":{"count":47794,"self":8.423487999999999,"total":8.423487699999999,"children":null},"AgentSendState":{"count":2409953,"self":220.4293888,"total":2603.5931152999997,"children":{"GridSensor.Update":{"count":3628252,"self":1813.72928,"total":1813.7293284999998,"children":null},"CollectObservations":{"count":3628252,"self":19.5514176,"total":19.5514171,"children":null},"WriteActionMask":{"count":3628252,"self":12.378532799999999,"total":12.3785327,"children":null},"RequestDecision":{"count":3628252,"self":40.8659584,"total":537.5044388,"children":{"AgentInfo.ToProto":{"count":3628252,"self":31.1401024,"total":496.63847899999996,"children":{"GenerateSensorData":{"count":3628252,"self":161.6544896,"total":465.4983769,"children":{"GridSensor.GetCompressedObservation":{"count":3628252,"self":270.2880768,"total":270.2880686,"children":null},"RayPerceptionSensor.Perceive":{"count":3628252,"self":33.5558176,"total":33.5558165,"children":null}}}}}}}}},"DecideAction":{"count":2409953,"self":9047.5069439999988,"total":9047.5065937999989,"children":null},"AgentAct":{"count":2409953,"self":92.7250176,"total":92.7250172,"children":null},"AgentInfo.ToProto":{"count":47786,"self":0.76837939999999993,"total":9.8603779,"children":{"GenerateSensorData":{"count":47786,"self":2.72742,"total":9.091998499999999,"children":{"GridSensor.GetCompressedObservation":{"count":47786,"self":5.850388,"total":5.8503878,"children":null},"RayPerceptionSensor.Perceive":{"count":47786,"self":0.5141907,"total":0.5141907,"children":null}}}}}},"gauges":{"ZARAimitation.CumulativeReward":{"count":47786,"max":2.01429987,"min":-2.98069525,"runningAverage":1.35672975,"value":1.47980309,"weightedAverage":1.58514}},"metadata":{"timer_format_version":"0.1.0","start_time_seconds":"1626990773","unity_version":"2019.4.18f1","command_line_arguments":"C:\\Program Files\\Unity\\Hub\\Editor\\2019.4.18f1\\Editor\\Unity.exe -projectpath D:\/Desktop\/Crowds-and-ML-Agents -useHub -hubIPC -cloudEnvironment production -hubSessionId 9a31e9f0-e950-11eb-bc9d-e3716b9c618a -accessToken bMf3YQIgQVeVzVvqLaaZd73mvIJCLiDAHZuYZe7nAsc011f","communication_protocol_version":"1.5.0","com.unity.ml-agents_version":"2.0.0-pre.3","scene_name":"ZaraImitation","end_time_seconds":"1627023486"}}