{"count":1,"self":144.3846016,"total":146.0987011,"children":{"InitializeActuators":{"count":54,"self":0.0025280999999999997,"total":0.0025280999999999997,"children":null},"InitializeSensors":{"count":54,"self":0.010118499999999999,"total":0.010118499999999999,"children":null},"AgentSendState":{"count":2829,"self":0.0937615,"total":1.6401633999999998,"children":{"GridSensor.Update":{"count":3752,"self":1.2421666999999998,"total":1.2421666999999998,"children":null},"CollectObservations":{"count":3752,"self":0.0099686999999999987,"total":0.0099686999999999987,"children":null},"WriteActionMask":{"count":3752,"self":0.0123515,"total":0.0123515,"children":null},"RequestDecision":{"count":3752,"self":0.029855299999999998,"total":0.28191499999999997,"children":{"GridSensor.GetCompressedObservation":{"count":3752,"self":0.2520597,"total":0.2520597,"children":null}}}}},"DecideAction":{"count":2829,"self":0.0333103,"total":0.0333103,"children":null},"AgentAct":{"count":2829,"self":0.0234627,"total":0.0234627,"children":null},"GridSensor.GetCompressedObservation":{"count":51,"self":0.0035223999999999997,"total":0.0035223999999999997,"children":null}},"gauges":{},"metadata":{"timer_format_version":"0.1.0","start_time_seconds":"1623945297","unity_version":"2019.4.18f1","command_line_arguments":"C:\\Program Files\\Unity\\Hub\\Editor\\2019.4.18f1\\Editor\\Unity.exe -projectpath D:\/Desktop\/Crowds-and-ML-Agents -useHub -hubIPC -cloudEnvironment production -hubSessionId c6196d50-cf5f-11eb-a6a4-19e507123e69 -accessToken l78WEeRJRiWAtZRh7dKn61jFp5dQZBhWIOK6qbrZYlU011f","communication_protocol_version":"1.5.0","com.unity.ml-agents_version":"2.0.0-pre.3","scene_name":"ZaraLearn","end_time_seconds":"1623945443"}}