{"count":1,"self":6.4731651999999995,"total":98.380648999999991,"children":{"InitializeActuators":{"count":5,"self":0.0014877999999999998,"total":0.0014877999999999998,"children":null},"InitializeSensors":{"count":5,"self":0.0054557999999999994,"total":0.0054557999999999994,"children":null},"AgentSendState":{"count":8666,"self":0.22776049999999998,"total":8.5878164,"children":{"GridSensor.Update":{"count":8570,"self":6.572824,"total":6.5728238999999995,"children":null},"CollectObservations":{"count":8570,"self":0.040036499999999996,"total":0.040036499999999996,"children":null},"WriteActionMask":{"count":8570,"self":0.0253134,"total":0.0253134,"children":null},"RequestDecision":{"count":8570,"self":0.097706199999999993,"total":1.7218821,"children":{"AgentInfo.ToProto":{"count":8570,"self":0.070272,"total":1.6241759,"children":{"GenerateSensorData":{"count":8570,"self":0.2907318,"total":1.5539039,"children":{"GridSensor.GetCompressedObservation":{"count":8570,"self":1.2631721,"total":1.2631721,"children":null}}}}}}}}},"DecideAction":{"count":8666,"self":83.1284096,"total":83.1284069,"children":null},"AgentAct":{"count":8666,"self":0.164468,"total":0.17389659999999998,"children":{"AgentInfo.ToProto":{"count":34,"self":0.0009925,"total":0.0094285999999999988,"children":{"GenerateSensorData":{"count":34,"self":0.0009925,"total":0.0084361,"children":{"GridSensor.GetCompressedObservation":{"count":34,"self":0.0074436,"total":0.0074436,"children":null}}}}}}},"AgentInfo.ToProto":{"count":39,"self":0,"total":0.0099244,"children":{"GenerateSensorData":{"count":39,"self":0.0024806999999999997,"total":0.0099244,"children":{"GridSensor.GetCompressedObservation":{"count":39,"self":0.0074436999999999993,"total":0.0074436999999999993,"children":null}}}}}},"gauges":{"ZARAgoal.CumulativeReward":{"count":73,"max":0.9999907,"min":-422.2165,"runningAverage":-93.4111557,"value":-416.861359,"weightedAverage":-406.372864}},"metadata":{"timer_format_version":"0.1.0","start_time_seconds":"1624570436","unity_version":"2019.4.18f1","command_line_arguments":"C:\\Program Files\\Unity\\Hub\\Editor\\2019.4.18f1\\Editor\\Unity.exe -projectpath D:\/Desktop\/Crowds-and-ML-Agents -useHub -hubIPC -cloudEnvironment production -hubSessionId f8abf510-d524-11eb-87af-81a7697d4b20 -accessToken _qHpDxXjCKOTwUDnQDdU2sWgghHH32Jdtjq88WsU4o4011f","communication_protocol_version":"1.5.0","com.unity.ml-agents_version":"2.0.0-pre.3","scene_name":"ZaraDemo","end_time_seconds":"1624570534"}}