{"count":1,"self":387.018624,"total":1315.2624859,"children":{"InitializeActuators":{"count":15,"self":0.0014881,"total":0.0014881,"children":null},"InitializeSensors":{"count":15,"self":0.002976,"total":0.002976,"children":null},"AgentSendState":{"count":132241,"self":33.6788288,"total":64.3919255,"children":{"CollectObservations":{"count":396735,"self":1.927134,"total":1.9271338999999998,"children":null},"WriteActionMask":{"count":396735,"self":1.2764811,"total":1.2764811,"children":null},"RequestDecision":{"count":396735,"self":3.7283408,"total":27.509482499999997,"children":{"AgentInfo.ToProto":{"count":396735,"self":3.2760895999999997,"total":23.781141899999998,"children":{"GenerateSensorData":{"count":396735,"self":14.6535408,"total":20.505052199999998,"children":{"RayPerceptionSensor.Perceive":{"count":396735,"self":5.8515108,"total":5.8515106999999995,"children":null}}}}}}}}},"DecideAction":{"count":132241,"self":856.9166848,"total":856.9166639,"children":null},"AgentAct":{"count":132241,"self":6.6490784,"total":6.6490784,"children":null},"AgentInfo.ToProto":{"count":3547,"self":0.043733799999999996,"total":0.28124689999999997,"children":{"GenerateSensorData":{"count":3547,"self":0.18219649999999998,"total":0.23751309999999998,"children":{"RayPerceptionSensor.Perceive":{"count":3547,"self":0.0553166,"total":0.0553166,"children":null}}}}}},"gauges":{"ZARAgoal.CumulativeReward":{"count":3547,"max":430.474518,"min":-45.73945,"runningAverage":36.5604744,"value":205.634125,"weightedAverage":120.469978}},"metadata":{"timer_format_version":"0.1.0","start_time_seconds":"1624746824","unity_version":"2019.4.18f1","command_line_arguments":"C:\\Program Files\\Unity\\Hub\\Editor\\2019.4.18f1\\Editor\\Unity.exe -projectpath D:\/Desktop\/Crowds-and-ML-Agents -useHub -hubIPC -cloudEnvironment production -hubSessionId c617b0b0-d693-11eb-8139-e508ed6f0836 -accessToken d1kPMC7sNfmPa4i5yJO29cQlPc4q1skCDbEk05Ua30Y011f","communication_protocol_version":"1.5.0","com.unity.ml-agents_version":"2.0.0-pre.3","scene_name":"ZaraDemo","end_time_seconds":"1624748139"}}