{"count":1,"self":87.668544,"total":260.43046,"children":{"InitializeActuators":{"count":7,"self":0.0014874999999999999,"total":0.0014874999999999999,"children":null},"InitializeSensors":{"count":7,"self":0.010984299999999999,"total":0.010984299999999999,"children":null},"AgentSendState":{"count":31789,"self":4.9940976,"total":39.9746215,"children":{"GridSensor.Update":{"count":44506,"self":26.2485376,"total":26.2485377,"children":null},"CollectObservations":{"count":44506,"self":0.210503,"total":0.210503,"children":null},"WriteActionMask":{"count":44506,"self":0.1529254,"total":0.1529254,"children":null},"RequestDecision":{"count":44506,"self":0.5020968,"total":8.3685578,"children":{"AgentInfo.ToProto":{"count":44506,"self":0.40145759999999997,"total":7.8664609999999993,"children":{"GenerateSensorData":{"count":44506,"self":2.4153248,"total":7.4650034,"children":{"GridSensor.GetCompressedObservation":{"count":44506,"self":4.393064,"total":4.3930639,"children":null},"RayPerceptionSensor.Perceive":{"count":44506,"self":0.65661459999999994,"total":0.65661459999999994,"children":null}}}}}}}}},"DecideAction":{"count":31789,"self":131.478272,"total":131.4782775,"children":null},"AgentAct":{"count":31789,"self":1.1922998999999999,"total":1.1922998999999999,"children":null},"AgentInfo.ToProto":{"count":451,"self":0.0069432999999999995,"total":0.1037516,"children":{"GenerateSensorData":{"count":451,"self":0.0342757,"total":0.0968083,"children":{"GridSensor.GetCompressedObservation":{"count":451,"self":0.059014699999999996,"total":0.059014699999999996,"children":null},"RayPerceptionSensor.Perceive":{"count":451,"self":0.0035179,"total":0.0035179,"children":null}}}}}},"gauges":{"ZARAgoal.CumulativeReward":{"count":451,"max":1.9998,"min":-6.00579262,"runningAverage":0.5274346,"value":-2.13480139,"weightedAverage":-0.196518734}},"metadata":{"timer_format_version":"0.1.0","start_time_seconds":"1625269598","unity_version":"2019.4.18f1","command_line_arguments":"C:\\Program Files\\Unity\\Hub\\Editor\\2019.4.18f1\\Editor\\Unity.exe -projectpath D:\/Desktop\/Crowds-and-ML-Agents -useHub -hubIPC -cloudEnvironment production -hubSessionId 7e15c840-db77-11eb-a637-bdff29383a77 -accessToken oqhQ3bCDMKe7td9U1EB7RaWalhaXioAqpAi1isS6EbA011f","communication_protocol_version":"1.5.0","com.unity.ml-agents_version":"2.0.0-pre.3","scene_name":"ZaraLearn","end_time_seconds":"1625269859"}}