{"count":1,"self":115.6566912,"total":122.488463,"children":{"InitializeActuators":{"count":94,"self":0.0029778,"total":0.0029778,"children":null},"InitializeSensors":{"count":94,"self":0.0214275,"total":0.0214275,"children":null},"AgentSendState":{"count":4716,"self":0.43862009999999996,"total":3.9620935,"children":{"GridSensor.Update":{"count":7179,"self":3.4067252,"total":3.4067252,"children":null},"CollectObservations":{"count":7179,"self":0.039166599999999996,"total":0.039166599999999996,"children":null},"WriteActionMask":{"count":7179,"self":0.016881399999999998,"total":0.016881399999999998,"children":null},"RequestDecision":{"count":7179,"self":0.060700199999999996,"total":0.060700199999999996,"children":null}}},"DecideAction":{"count":4716,"self":2.1356314,"total":2.6522519,"children":{"GridSensor.Write":{"count":7179,"self":0.4380465,"total":0.4380465,"children":null},"RayPerceptionSensor.Perceive":{"count":7179,"self":0.078573999999999991,"total":0.078573999999999991,"children":null}}},"AgentAct":{"count":4716,"self":0.19202629999999998,"total":0.19202629999999998,"children":null}},"gauges":{"ZARAimitation.CumulativeReward":{"count":87,"max":1.997,"min":-2.751101,"runningAverage":1.25927138,"value":1.45300341,"weightedAverage":0.294608057}},"metadata":{"timer_format_version":"0.1.0","start_time_seconds":"1627138014","unity_version":"2019.4.18f1","command_line_arguments":"C:\\Program Files\\Unity\\Hub\\Editor\\2019.4.18f1\\Editor\\Unity.exe -projectpath D:\/Desktop\/Crowds-and-ML-Agents -useHub -hubIPC -cloudEnvironment production -hubSessionId 9a31e9f0-e950-11eb-bc9d-e3716b9c618a -accessToken zQE_uvb4xoRqf-tx_ZnGJOIsn0dV-gcmo1AbXu2elHU011f","communication_protocol_version":"1.5.0","com.unity.ml-agents_version":"2.0.0-pre.3","scene_name":"ZaraImitation","end_time_seconds":"1627138136"}}