{"count":1,"self":24.8465056,"total":30.268712999999998,"children":{"InitializeActuators":{"count":11,"self":0.0019822999999999998,"total":0.0019822999999999998,"children":null},"InitializeSensors":{"count":11,"self":0.0069479,"total":0.0069479,"children":null},"AgentSendState":{"count":2573,"self":0.6077201,"total":3.7493992,"children":{"GridSensor.Update":{"count":5665,"self":3.0497023999999997,"total":3.0497025,"children":null},"CollectObservations":{"count":5665,"self":0.026476799999999998,"total":0.026476799999999998,"children":null},"WriteActionMask":{"count":5665,"self":0.021862299999999998,"total":0.021862299999999998,"children":null},"RequestDecision":{"count":5665,"self":0.043637499999999996,"total":0.043637499999999996,"children":null}}},"DecideAction":{"count":2573,"self":1.0528313999999999,"total":1.5473643,"children":{"GridSensor.Write":{"count":5665,"self":0.40326599999999996,"total":0.40326599999999996,"children":null},"RayPerceptionSensor.Perceive":{"count":5665,"self":0.0912669,"total":0.0912669,"children":null}}},"AgentAct":{"count":2573,"self":0.1160172,"total":0.1160172,"children":null}},"gauges":{"ZARAgoal.CumulativeReward":{"count":35,"max":1.9998,"min":-2.496821,"runningAverage":0.7557111,"value":-2.05600023,"weightedAverage":0.7161865}},"metadata":{"timer_format_version":"0.1.0","start_time_seconds":"1625340805","unity_version":"2019.4.18f1","command_line_arguments":"C:\\Program Files\\Unity\\Hub\\Editor\\2019.4.18f1\\Editor\\Unity.exe -projectpath D:\/Desktop\/Crowds-and-ML-Agents -useHub -hubIPC -cloudEnvironment production -hubSessionId a65906c0-dbe8-11eb-b039-37694978c1a9 -accessToken 2a_fS2yylcX7cH01ek74NstwRwdaNCEh1v9UPNdIwM0011f","communication_protocol_version":"1.5.0","com.unity.ml-agents_version":"2.0.0-pre.3","scene_name":"ZaraLearn","end_time_seconds":"1625340835"}}