{"count":1,"self":10.016143999999999,"total":270.7339881,"children":{"InitializeActuators":{"count":11,"self":0.0014881999999999999,"total":0.0014881999999999999,"children":null},"InitializeSensors":{"count":11,"self":0.0104168,"total":0.0104168,"children":null},"AgentSendState":{"count":3381,"self":3.6213783999999998,"total":32.8085399,"children":{"GridSensor.Update":{"count":35296,"self":22.740095999999998,"total":22.7400955,"children":null},"CollectObservations":{"count":35296,"self":0.17748129999999998,"total":0.17748129999999998,"children":null},"WriteActionMask":{"count":35296,"self":0.12956209999999999,"total":0.12956209999999999,"children":null},"RequestDecision":{"count":35296,"self":0.3854006,"total":6.1400226,"children":{"AgentInfo.ToProto":{"count":35296,"self":0.3014591,"total":5.7546219999999995,"children":{"GenerateSensorData":{"count":35296,"self":1.8439286,"total":5.4531629,"children":{"GridSensor.GetCompressedObservation":{"count":35296,"self":3.1327217999999997,"total":3.1327217999999997,"children":null},"RayPerceptionSensor.Perceive":{"count":35296,"self":0.4765125,"total":0.4765125,"children":null}}}}}}}}},"DecideAction":{"count":3381,"self":227.6637696,"total":227.6637571,"children":null},"AgentAct":{"count":3381,"self":0.1965824,"total":0.1965824,"children":null},"AgentInfo.ToProto":{"count":188,"self":0.0024819,"total":0.0360673,"children":{"GenerateSensorData":{"count":188,"self":0.0114351,"total":0.0335854,"children":{"GridSensor.GetCompressedObservation":{"count":188,"self":0.0201414,"total":0.0201414,"children":null},"RayPerceptionSensor.Perceive":{"count":188,"self":0.0020089,"total":0.0020089,"children":null}}}}}},"gauges":{"ZARAimitation.CumulativeReward":{"count":188,"max":1.03204989,"min":-1.0111,"runningAverage":0.257279932,"value":-0.986875057,"weightedAverage":-0.07165539}},"metadata":{"timer_format_version":"0.1.0","start_time_seconds":"1626212347","unity_version":"2019.4.18f1","command_line_arguments":"C:\\Program Files\\Unity\\Hub\\Editor\\2019.4.18f1\\Editor\\Unity.exe -projectpath D:\/Desktop\/Crowds-and-ML-Agents -useHub -hubIPC -cloudEnvironment production -hubSessionId 0c3e2eb0-e351-11eb-ad6d-41c0779b0474 -accessToken unkXY7HXWRoBlBTy4R2tc-uYnmexRBPaM7qpmLKmUwo011f","communication_protocol_version":"1.5.0","com.unity.ml-agents_version":"2.0.0-pre.3","scene_name":"ZaraImitation","end_time_seconds":"1626212618"}}