{"count":1,"self":18.7460176,"total":19.4465786,"children":{"InitializeActuators":{"count":33,"self":0.0029741999999999998,"total":0.0029741999999999998,"children":null},"InitializeSensors":{"count":33,"self":0.013455,"total":0.013455,"children":null},"AgentSendState":{"count":1487,"self":0.0452135,"total":0.6433762,"children":{"GridSensor.Update":{"count":1797,"self":0.43426159999999997,"total":0.43426159999999997,"children":null},"CollectObservations":{"count":1797,"self":0.0049553,"total":0.0049553,"children":null},"WriteActionMask":{"count":1797,"self":0.0079646,"total":0.0079646,"children":null},"RequestDecision":{"count":1797,"self":0.0074183999999999995,"total":0.15098119999999998,"children":{"GridSensor.GetCompressedObservation":{"count":1797,"self":0.1435628,"total":0.1435628,"children":null}}}}},"DecideAction":{"count":1487,"self":0.0213846,"total":0.0213846,"children":null},"AgentAct":{"count":1487,"self":0.015406399999999999,"total":0.015406399999999999,"children":null},"GridSensor.GetCompressedObservation":{"count":23,"self":0.0029755999999999997,"total":0.0029755999999999997,"children":null}},"gauges":{},"metadata":{"timer_format_version":"0.1.0","start_time_seconds":"1623783052","unity_version":"2019.4.18f1","command_line_arguments":"C:\\Program Files\\Unity\\Hub\\Editor\\2019.4.18f1\\Editor\\Unity.exe -projectpath D:\/Desktop\/Crowds-and-ML-Agents -useHub -hubIPC -cloudEnvironment production -hubSessionId 886b69c0-cda9-11eb-af39-d1aefadca5f3 -accessToken Hq40Dp0v_650z3wPOoK4iBAIPcgUcg637XsM9jwr1yI011f","communication_protocol_version":"1.5.0","com.unity.ml-agents_version":"2.0.0-pre.3","scene_name":"ZaraLearn","end_time_seconds":"1623783071"}}