{"count":1,"self":2622.1449216,"total":8298.6038768,"children":{"InitializeActuators":{"count":23495,"self":0.5341435,"total":0.5341435,"children":null},"InitializeSensors":{"count":23495,"self":4.7554935999999994,"total":4.7554938,"children":null},"AgentSendState":{"count":1157759,"self":103.1786048,"total":1202.2450216,"children":{"GridSensor.Update":{"count":1744384,"self":851.02822399999991,"total":851.0282337,"children":null},"CollectObservations":{"count":1744384,"self":9.4460792,"total":9.4460791,"children":null},"WriteActionMask":{"count":1744384,"self":6.020306,"total":6.020306,"children":null},"RequestDecision":{"count":1744384,"self":19.752032,"total":232.5718004,"children":{"AgentInfo.ToProto":{"count":1744384,"self":15.376308799999999,"total":212.81976759999998,"children":{"GenerateSensorData":{"count":1744384,"self":83.386393599999991,"total":197.44345819999998,"children":{"GridSensor.GetCompressedObservation":{"count":1744384,"self":97.980947199999989,"total":97.980945699999992,"children":null},"RayPerceptionSensor.Perceive":{"count":1744384,"self":16.0761184,"total":16.0761178,"children":null}}}}}}}}},"DecideAction":{"count":1157759,"self":4425.8095103999995,"total":4425.8094296,"children":null},"AgentAct":{"count":1157759,"self":39.3673152,"total":39.367314799999996,"children":null},"AgentInfo.ToProto":{"count":23487,"self":0.3807871,"total":3.7466584,"children":{"GenerateSensorData":{"count":23487,"self":1.3619118,"total":3.3658713,"children":{"GridSensor.GetCompressedObservation":{"count":23487,"self":1.7696957999999998,"total":1.7696957999999998,"children":null},"RayPerceptionSensor.Perceive":{"count":23487,"self":0.2342637,"total":0.2342637,"children":null}}}}}},"gauges":{"ZARAimitation.CumulativeReward":{"count":23487,"max":2,"min":-3.03800154,"runningAverage":1.298048,"value":1.77449989,"weightedAverage":1.75244987}},"metadata":{"timer_format_version":"0.1.0","start_time_seconds":"1627035737","unity_version":"2019.4.18f1","command_line_arguments":"C:\\Program Files\\Unity\\Hub\\Editor\\2019.4.18f1\\Editor\\Unity.exe -projectpath D:\/Desktop\/Crowds-and-ML-Agents -useHub -hubIPC -cloudEnvironment production -hubSessionId 9a31e9f0-e950-11eb-bc9d-e3716b9c618a -accessToken Btf8GEr2Mgfdyyhhvu9SUx2XfhgyMvsjUZM5OouYoKI011f","communication_protocol_version":"1.5.0","com.unity.ml-agents_version":"2.0.0-pre.3","scene_name":"ZaraImitation","end_time_seconds":"1627044035"}}