{
    "name": "root",
    "metadata": {
        "timer_format_version": "0.1.0",
        "start_time_seconds": "1622907220",
        "python_version": "3.9.5 (tags/v3.9.5:0a7dcbd, May  3 2021, 17:27:52) [MSC v.1928 64 bit (AMD64)]",
        "command_line_arguments": "C:\\Users\\antre\\AppData\\Local\\Programs\\Python\\Python39\\Scripts\\mlagents-learn --run-id=MoveToGoal --force",
        "mlagents_version": "0.26.0",
        "mlagents_envs_version": "0.26.0",
        "communication_protocol_version": "1.5.0",
        "pytorch_version": "1.8.1+cpu",
        "numpy_version": "1.20.3",
        "end_time_seconds": "1622907338"
    },
    "total": 117.98564069999999,
    "count": 1,
    "self": 0.004242599999997765,
    "children": {
        "run_training.setup": {
            "total": 0.027595900000000007,
            "count": 1,
            "self": 0.027595900000000007
        },
        "TrainerController.start_learning": {
            "total": 117.9538022,
            "count": 1,
            "self": 0.05496860000005199,
            "children": {
                "TrainerController._reset_env": {
                    "total": 4.9396053,
                    "count": 1,
                    "self": 4.9396053
                },
                "TrainerController.advance": {
                    "total": 112.86914979999995,
                    "count": 3490,
                    "self": 0.0545536999997438,
                    "children": {
                        "env_step": {
                            "total": 112.33859540000057,
                            "count": 3490,
                            "self": 109.16747190000127,
                            "children": {
                                "SubprocessEnvManager._take_step": {
                                    "total": 3.1384053999994963,
                                    "count": 3490,
                                    "self": 0.1264621999991311,
                                    "children": {
                                        "TorchPolicy.evaluate": {
                                            "total": 3.011943200000365,
                                            "count": 3233,
                                            "self": 0.7481698000002961,
                                            "children": {
                                                "TorchPolicy.sample_actions": {
                                                    "total": 2.263773400000069,
                                                    "count": 3233,
                                                    "self": 2.263773400000069
                                                }
                                            }
                                        }
                                    }
                                },
                                "workers": {
                                    "total": 0.032718099999805794,
                                    "count": 3489,
                                    "self": 0.0,
                                    "children": {
                                        "worker_root": {
                                            "total": 112.7364039999997,
                                            "count": 3489,
                                            "is_parallel": true,
                                            "self": 6.080234899999823,
                                            "children": {
                                                "steps_from_proto": {
                                                    "total": 0.00030410000000014037,
                                                    "count": 1,
                                                    "is_parallel": true,
                                                    "self": 0.00018919999999944537,
                                                    "children": {
                                                        "_process_rank_one_or_two_observation": {
                                                            "total": 0.000114900000000695,
                                                            "count": 2,
                                                            "is_parallel": true,
                                                            "self": 0.000114900000000695
                                                        }
                                                    }
                                                },
                                                "UnityEnvironment.step": {
                                                    "total": 106.65586499999988,
                                                    "count": 3489,
                                                    "is_parallel": true,
                                                    "self": 0.1832497999998708,
                                                    "children": {
                                                        "UnityEnvironment._generate_step_input": {
                                                            "total": 0.35622800000004684,
                                                            "count": 3489,
                                                            "is_parallel": true,
                                                            "self": 0.35622800000004684
                                                        },
                                                        "communicator.exchange": {
                                                            "total": 105.33407689999996,
                                                            "count": 3489,
                                                            "is_parallel": true,
                                                            "self": 105.33407689999996
                                                        },
                                                        "steps_from_proto": {
                                                            "total": 0.782310300000006,
                                                            "count": 3489,
                                                            "is_parallel": true,
                                                            "self": 0.4960205000001574,
                                                            "children": {
                                                                "_process_rank_one_or_two_observation": {
                                                                    "total": 0.2862897999998486,
                                                                    "count": 6978,
                                                                    "is_parallel": true,
                                                                    "self": 0.2862897999998486
                                                                }
                                                            }
                                                        }
                                                    }
                                                }
                                            }
                                        }
                                    }
                                }
                            }
                        },
                        "trainer_advance": {
                            "total": 0.476000699999636,
                            "count": 3489,
                            "self": 0.06514799999981591,
                            "children": {
                                "process_trajectory": {
                                    "total": 0.4108526999998201,
                                    "count": 3489,
                                    "self": 0.4108526999998201
                                }
                            }
                        }
                    }
                },