{
    "name": "root",
    "metadata": {
        "timer_format_version": "0.1.0",
        "start_time_seconds": "1622646891",
        "python_version": "3.9.2 (default, Feb 24 2021, 13:26:09) \n[Clang 12.0.0 (clang-1200.0.32.29)]",
        "command_line_arguments": "/usr/local/bin/mlagents-learn --run-id=Test2 --force",
        "mlagents_version": "0.26.0",
        "mlagents_envs_version": "0.26.0",
        "communication_protocol_version": "1.5.0",
        "pytorch_version": "1.7.1",
        "numpy_version": "1.19.5",
        "end_time_seconds": "1622646918"
    },
    "total": 27.464433402,
    "count": 1,
    "self": 0.005658754000002375,
    "children": {
        "run_training.setup": {
            "total": 0.11362431099999992,
            "count": 1,
            "self": 0.11362431099999992
        },
        "TrainerController.start_learning": {
            "total": 27.345150337,
            "count": 1,
            "self": 0.021561285000021968,
            "children": {
                "TrainerController._reset_env": {
                    "total": 14.793657668000002,
                    "count": 1,
                    "self": 14.793657668000002
                },
                "TrainerController.advance": {
                    "total": 12.300924630999972,
                    "count": 921,
                    "self": 0.021082825999997112,
                    "children": {
                        "env_step": {
                            "total": 12.183088515000012,
                            "count": 921,
                            "self": 10.712226377000174,
                            "children": {
                                "SubprocessEnvManager._take_step": {
                                    "total": 1.4574939109999576,
                                    "count": 921,
                                    "self": 0.057244739000012146,
                                    "children": {
                                        "TorchPolicy.evaluate": {
                                            "total": 1.4002491719999455,
                                            "count": 921,
                                            "self": 0.3331086250000084,
                                            "children": {
                                                "TorchPolicy.sample_actions": {
                                                    "total": 1.067140546999937,
                                                    "count": 921,
                                                    "self": 1.067140546999937
                                                }
                                            }
                                        }
                                    }
                                },
                                "workers": {
                                    "total": 0.01336822699988005,
                                    "count": 920,
                                    "self": 0.0,
                                    "children": {
                                        "worker_root": {
                                            "total": 17.02514545900007,
                                            "count": 920,
                                            "is_parallel": true,
                                            "self": 7.250977353000048,
                                            "children": {
                                                "steps_from_proto": {
                                                    "total": 0.0033687530000001686,
                                                    "count": 1,
                                                    "is_parallel": true,
                                                    "self": 0.0015481129999983523,
                                                    "children": {
                                                        "_process_rank_one_or_two_observation": {
                                                            "total": 0.0018206400000018164,
                                                            "count": 2,
                                                            "is_parallel": true,
                                                            "self": 0.0018206400000018164
                                                        }
                                                    }
                                                },
                                                "UnityEnvironment.step": {
                                                    "total": 9.77079935300002,
                                                    "count": 920,
                                                    "is_parallel": true,
                                                    "self": 0.07254537700004349,
                                                    "children": {
                                                        "UnityEnvironment._generate_step_input": {
                                                            "total": 0.16787524999996073,
                                                            "count": 920,
                                                            "is_parallel": true,
                                                            "self": 0.16787524999996073
                                                        },
                                                        "communicator.exchange": {
                                                            "total": 9.230780389000017,
                                                            "count": 920,
                                                            "is_parallel": true,
                                                            "self": 9.230780389000017
                                                        },
                                                        "steps_from_proto": {
                                                            "total": 0.29959833699999905,
                                                            "count": 920,
                                                            "is_parallel": true,
                                                            "self": 0.19126167000005623,
                                                            "children": {
                                                                "_process_rank_one_or_two_observation": {
                                                                    "total": 0.10833666699994282,
                                                                    "count": 1840,
                                                                    "is_parallel": true,
                                                                    "self": 0.10833666699994282
                                                                }
                                                            }
                                                        }
                                                    }
                                                }
                                            }
                                        }
                                    }
                                }
                            }
                        },
                        "trainer_advance": {
                            "total": 0.09675328999996324,
                            "count": 920,
                            "self": 0.024315941000011776,
                            "children": {
                                "process_trajectory": {
                                    "total": 0.07243734899995147,
                                    "count": 920,
                                    "self": 0.07243734899995147
                                }
                            }
                        }
                    }
                },