{
    "name": "root",
    "metadata": {
        "timer_format_version": "0.1.0",
        "start_time_seconds": "1626764199",
        "python_version": "3.9.5 (tags/v3.9.5:0a7dcbd, May  3 2021, 17:27:52) [MSC v.1928 64 bit (AMD64)]",
        "command_line_arguments": "D:\\Desktop\\Crowds-and-ML-Agents\\venv\\Scripts\\mlagents-learn config/ZaraConfi_Imitation.yaml --run-id=ZaraImitation2 --resume",
        "mlagents_version": "0.27.0",
        "mlagents_envs_version": "0.27.0",
        "communication_protocol_version": "1.5.0",
        "pytorch_version": "1.9.0+cu111",
        "numpy_version": "1.20.3",
        "end_time_seconds": "1626764280"
    },
    "total": 80.463961,
    "count": 1,
    "self": 0.013759799999988331,
    "children": {
        "run_training.setup": {
            "total": 0.08318409999999998,
            "count": 1,
            "self": 0.08318409999999998
        },
        "TrainerController.start_learning": {
            "total": 80.36701710000001,
            "count": 1,
            "self": 0.010447599999722001,
            "children": {
                "TrainerController._reset_env": {
                    "total": 58.212373799999995,
                    "count": 1,
                    "self": 5.84791109999999,
                    "children": {
                        "demo_to_buffer": {
                            "total": 52.364462700000004,
                            "count": 1,
                            "self": 0.1750126000000023,
                            "children": {
                                "load_demonstration": {
                                    "total": 18.7316828,
                                    "count": 1,
                                    "self": 18.716457200000004,
                                    "children": {
                                        "read_file": {
                                            "total": 0.015225599999996398,
                                            "count": 172,
                                            "self": 0.015225599999996398
                                        }
                                    }
                                },
                                "make_demo_buffer": {
                                    "total": 33.4577673,
                                    "count": 1,
                                    "self": 2.8046195999994623,
                                    "children": {
                                        "steps_from_proto": {
                                            "total": 30.653147700000538,
                                            "count": 99218,
                                            "self": 11.490947499998,
                                            "children": {
                                                "_process_maybe_compressed_observation": {
                                                    "total": 11.83969780000129,
                                                    "count": 198436,
                                                    "self": 1.2903534000006296,
                                                    "children": {
                                                        "_observation_to_np_array": {
                                                            "total": 10.54934440000066,
                                                            "count": 99218,
                                                            "self": 1.0777569999999734,
                                                            "children": {
                                                                "process_pixels": {
                                                                    "total": 9.471587400000686,
                                                                    "count": 99218,
                                                                    "self": 3.390608400000776,
                                                                    "children": {
                                                                        "image_decompress": {
                                                                            "total": 6.08097899999991,
                                                                            "count": 99218,
                                                                            "self": 6.08097899999991
                                                                        }
                                                                    }
                                                                }
                                                            }
                                                        }
                                                    }
                                                },
                                                "_process_rank_one_or_two_observation": {
                                                    "total": 7.322502400001248,
                                                    "count": 396872,
                                                    "self": 7.322502400001248
                                                }
                                            }
                                        }
                                    }
                                }
                            }
                        }
                    }
                },
                "TrainerController.advance": {
                    "total": 22.142872500000294,
                    "count": 534,
                    "self": 0.013820200000516536,
                    "children": {
                        "env_step": {
                            "total": 21.705380499999833,
                            "count": 534,
                            "self": 18.788081300000094,
                            "children": {
                                "SubprocessEnvManager._take_step": {
                                    "total": 2.9103446999998823,
                                    "count": 534,
                                    "self": 0.026525299999953234,
                                    "children": {
                                        "TorchPolicy.evaluate": {
                                            "total": 2.883819399999929,
                                            "count": 534,
                                            "self": 0.6355098000002641,
                                            "children": {
                                                "TorchPolicy.sample_actions": {
                                                    "total": 2.248309599999665,
                                                    "count": 534,
                                                    "self": 2.248309599999665
                                                }
                                            }
                                        }
                                    }
                                },
                                "workers": {
                                    "total": 0.006954499999856978,
                                    "count": 533,
                                    "self": 0.0,
                                    "children": {
                                        "worker_root": {
                                            "total": 75.87606809999984,
                                            "count": 533,
                                            "is_parallel": true,
                                            "self": 57.64702179999992,
                                            "children": {
                                                "steps_from_proto": {
                                                    "total": 0.010164599999999524,
                                                    "count": 1,
                                                    "is_parallel": true,