{
    "name": "root",
    "metadata": {
        "timer_format_version": "0.1.0",
        "start_time_seconds": "1622815971",
        "python_version": "3.9.2 (default, Feb 24 2021, 13:26:09) \n[Clang 12.0.0 (clang-1200.0.32.29)]",
        "command_line_arguments": "/usr/local/bin/mlagents-learn config/moveToGoal.yaml --run-id=TestParameters",
        "mlagents_version": "0.26.0",
        "mlagents_envs_version": "0.26.0",
        "communication_protocol_version": "1.5.0",
        "pytorch_version": "1.7.1",
        "numpy_version": "1.19.5",
        "end_time_seconds": "1622816047"
    },
    "total": 75.474060298,
    "count": 1,
    "self": 0.0058194199999945795,
    "children": {
        "run_training.setup": {
            "total": 0.13511609700000005,
            "count": 1,
            "self": 0.13511609700000005
        },
        "TrainerController.start_learning": {
            "total": 75.33312478100001,
            "count": 1,
            "self": 0.004766103000065414,
            "children": {
                "TrainerController._reset_env": {
                    "total": 38.357134271,
                    "count": 1,
                    "self": 38.357134271
                },
                "TrainerController.advance": {
                    "total": 36.76693237899993,
                    "count": 196,
                    "self": 0.004465230000057829,
                    "children": {
                        "env_step": {
                            "total": 36.48490303099991,
                            "count": 196,
                            "self": 36.1164990819999,
                            "children": {
                                "SubprocessEnvManager._take_step": {
                                    "total": 0.3657790179999836,
                                    "count": 196,
                                    "self": 0.012381256999795198,
                                    "children": {
                                        "TorchPolicy.evaluate": {
                                            "total": 0.3533977610001884,
                                            "count": 195,
                                            "self": 0.0787812990002621,
                                            "children": {
                                                "TorchPolicy.sample_actions": {
                                                    "total": 0.2746164619999263,
                                                    "count": 195,
                                                    "self": 0.2746164619999263
                                                }
                                            }
                                        }
                                    }
                                },
                                "workers": {
                                    "total": 0.002624931000028141,
                                    "count": 195,
                                    "self": 0.0,
                                    "children": {
                                        "worker_root": {
                                            "total": 41.22939801799997,
                                            "count": 195,
                                            "is_parallel": true,
                                            "self": 5.446958427999945,
                                            "children": {
                                                "steps_from_proto": {
                                                    "total": 0.004257309999999848,
                                                    "count": 1,
                                                    "is_parallel": true,
                                                    "self": 0.0019803320000022495,
                                                    "children": {
                                                        "_process_rank_one_or_two_observation": {
                                                            "total": 0.002276977999997598,
                                                            "count": 2,
                                                            "is_parallel": true,
                                                            "self": 0.002276977999997598
                                                        }
                                                    }
                                                },
                                                "UnityEnvironment.step": {
                                                    "total": 35.778182280000024,
                                                    "count": 195,
                                                    "is_parallel": true,
                                                    "self": 0.016114659000059817,
                                                    "children": {
                                                        "UnityEnvironment._generate_step_input": {
                                                            "total": 0.03772019299998419,
                                                            "count": 195,
                                                            "is_parallel": true,
                                                            "self": 0.03772019299998419
                                                        },
                                                        "communicator.exchange": {
                                                            "total": 35.65925193000008,
                                                            "count": 195,
                                                            "is_parallel": true,
                                                            "self": 35.65925193000008
                                                        },
                                                        "steps_from_proto": {
                                                            "total": 0.06509549799989856,
                                                            "count": 195,
                                                            "is_parallel": true,
                                                            "self": 0.03845429399986244,
                                                            "children": {
                                                                "_process_rank_one_or_two_observation": {
                                                                    "total": 0.02664120400003611,
                                                                    "count": 390,
                                                                    "is_parallel": true,
                                                                    "self": 0.02664120400003611
                                                                }
                                                            }
                                                        }
                                                    }
                                                }
                                            }
                                        }
                                    }
                                }
                            }
                        },
                        "trainer_advance": {
                            "total": 0.2775641179999653,
                            "count": 195,
                            "self": 0.005498110999987205,
                            "children": {
                                "process_trajectory": {
                                    "total": 0.02380163499998389,
                                    "count": 195,
                                    "self": 0.02380163499998389
                                },
                                "_update_policy": {
                                    "total": 0.24826437199999418,