{
    "name": "root",
    "metadata": {
        "timer_format_version": "0.1.0",
        "start_time_seconds": "1622794600",
        "python_version": "3.9.2 (default, Feb 24 2021, 13:26:09) \n[Clang 12.0.0 (clang-1200.0.32.29)]",
        "command_line_arguments": "/usr/local/bin/mlagents-learn --run-id=test5 --force",
        "mlagents_version": "0.26.0",
        "mlagents_envs_version": "0.26.0",
        "communication_protocol_version": "1.5.0",
        "pytorch_version": "1.7.1",
        "numpy_version": "1.19.5",
        "end_time_seconds": "1622794645"
    },
    "total": 45.292626575999996,
    "count": 1,
    "self": 0.005650469999991969,
    "children": {
        "run_training.setup": {
            "total": 0.10524291599999991,
            "count": 1,
            "self": 0.10524291599999991
        },
        "TrainerController.start_learning": {
            "total": 45.18173319,
            "count": 1,
            "self": 0.004384044000047993,
            "children": {
                "TrainerController._reset_env": {
                    "total": 11.485383106999999,
                    "count": 1,
                    "self": 11.485383106999999
                },
                "TrainerController.advance": {
                    "total": 33.54160480399996,
                    "count": 183,
                    "self": 0.004131364999963694,
                    "children": {
                        "env_step": {
                            "total": 33.49695149499999,
                            "count": 183,
                            "self": 33.22280279600004,
                            "children": {
                                "SubprocessEnvManager._take_step": {
                                    "total": 0.2714218209999739,
                                    "count": 183,
                                    "self": 0.010888136999993137,
                                    "children": {
                                        "TorchPolicy.evaluate": {
                                            "total": 0.2605336839999808,
                                            "count": 168,
                                            "self": 0.06321131500000732,
                                            "children": {
                                                "TorchPolicy.sample_actions": {
                                                    "total": 0.19732236899997346,
                                                    "count": 168,
                                                    "self": 0.19732236899997346
                                                }
                                            }
                                        }
                                    }
                                },
                                "workers": {
                                    "total": 0.0027268779999740644,
                                    "count": 182,
                                    "self": 0.0,
                                    "children": {
                                        "worker_root": {
                                            "total": 36.49347585000004,
                                            "count": 182,
                                            "is_parallel": true,
                                            "self": 3.563101892000084,
                                            "children": {
                                                "steps_from_proto": {
                                                    "total": 0.0004782700000003359,
                                                    "count": 1,
                                                    "is_parallel": true,
                                                    "self": 0.00025733100000024933,
                                                    "children": {
                                                        "_process_rank_one_or_two_observation": {
                                                            "total": 0.0002209390000000866,
                                                            "count": 2,
                                                            "is_parallel": true,
                                                            "self": 0.0002209390000000866
                                                        }
                                                    }
                                                },
                                                "UnityEnvironment.step": {
                                                    "total": 32.92989568799995,
                                                    "count": 182,
                                                    "is_parallel": true,
                                                    "self": 0.01564576499995951,
                                                    "children": {
                                                        "UnityEnvironment._generate_step_input": {
                                                            "total": 0.03281952699999202,
                                                            "count": 182,
                                                            "is_parallel": true,
                                                            "self": 0.03281952699999202
                                                        },
                                                        "communicator.exchange": {
                                                            "total": 32.82094174599999,
                                                            "count": 182,
                                                            "is_parallel": true,
                                                            "self": 32.82094174599999
                                                        },
                                                        "steps_from_proto": {
                                                            "total": 0.0604886500000088,
                                                            "count": 182,
                                                            "is_parallel": true,
                                                            "self": 0.03596898699997375,
                                                            "children": {
                                                                "_process_rank_one_or_two_observation": {
                                                                    "total": 0.024519663000035052,
                                                                    "count": 364,
                                                                    "is_parallel": true,
                                                                    "self": 0.024519663000035052
                                                                }
                                                            }
                                                        }
                                                    }
                                                }
                                            }
                                        }
                                    }
                                }
                            }
                        },
                        "trainer_advance": {
                            "total": 0.04052194400000353,
                            "count": 182,
                            "self": 0.005069898000069628,
                            "children": {
                                "process_trajectory": {
                                    "total": 0.0354520459999339,
                                    "count": 182,
                                    "self": 0.0354520459999339
                                }
                            }
                        }
                    }
                },