{
    "name": "root",
    "metadata": {
        "timer_format_version": "0.1.0",
        "start_time_seconds": "1622703835",
        "python_version": "3.9.2 (default, Feb 24 2021, 13:26:09) \n[Clang 12.0.0 (clang-1200.0.32.29)]",
        "command_line_arguments": "/usr/local/bin/mlagents-learn --run-id=test6",
        "mlagents_version": "0.26.0",
        "mlagents_envs_version": "0.26.0",
        "communication_protocol_version": "1.5.0",
        "pytorch_version": "1.7.1",
        "numpy_version": "1.19.5",
        "end_time_seconds": "1622703883"
    },
    "total": 47.819620712,
    "count": 1,
    "self": 0.005356663999997124,
    "children": {
        "run_training.setup": {
            "total": 0.2164539629999993,
            "count": 1,
            "self": 0.2164539629999993
        },
        "TrainerController.start_learning": {
            "total": 47.597810085000006,
            "count": 1,
            "self": 0.05143042699982203,
            "children": {
                "TrainerController._reset_env": {
                    "total": 25.227230116,
                    "count": 1,
                    "self": 25.227230116
                },
                "TrainerController.advance": {
                    "total": 22.102189551000187,
                    "count": 2294,
                    "self": 0.05130979399977065,
                    "children": {
                        "env_step": {
                            "total": 21.805776097000226,
                            "count": 2294,
                            "self": 18.222833168000392,
                            "children": {
                                "SubprocessEnvManager._take_step": {
                                    "total": 3.549891157999973,
                                    "count": 2294,
                                    "self": 0.14064955199999218,
                                    "children": {
                                        "TorchPolicy.evaluate": {
                                            "total": 3.4092416059999806,
                                            "count": 2294,
                                            "self": 0.8064739240000094,
                                            "children": {
                                                "TorchPolicy.sample_actions": {
                                                    "total": 2.602767681999971,
                                                    "count": 2294,
                                                    "self": 2.602767681999971
                                                }
                                            }
                                        }
                                    }
                                },
                                "workers": {
                                    "total": 0.033051770999861674,
                                    "count": 2293,
                                    "self": 0.0,
                                    "children": {
                                        "worker_root": {
                                            "total": 36.31497249900004,
                                            "count": 2293,
                                            "is_parallel": true,
                                            "self": 20.380501531999784,
                                            "children": {
                                                "steps_from_proto": {
                                                    "total": 0.0004656270000005236,
                                                    "count": 1,
                                                    "is_parallel": true,
                                                    "self": 0.0002511859999998478,
                                                    "children": {
                                                        "_process_rank_one_or_two_observation": {
                                                            "total": 0.00021444100000067579,
                                                            "count": 2,
                                                            "is_parallel": true,
                                                            "self": 0.00021444100000067579
                                                        }
                                                    }
                                                },
                                                "UnityEnvironment.step": {
                                                    "total": 15.934005340000258,
                                                    "count": 2293,
                                                    "is_parallel": true,
                                                    "self": 0.18033333100030902,
                                                    "children": {
                                                        "UnityEnvironment._generate_step_input": {
                                                            "total": 0.42738875799993536,
                                                            "count": 2293,
                                                            "is_parallel": true,
                                                            "self": 0.42738875799993536
                                                        },
                                                        "communicator.exchange": {
                                                            "total": 14.59113706000003,
                                                            "count": 2293,
                                                            "is_parallel": true,
                                                            "self": 14.59113706000003
                                                        },
                                                        "steps_from_proto": {
                                                            "total": 0.7351461909999841,
                                                            "count": 2293,
                                                            "is_parallel": true,
                                                            "self": 0.4693490880000901,
                                                            "children": {
                                                                "_process_rank_one_or_two_observation": {
                                                                    "total": 0.265797102999894,
                                                                    "count": 4586,
                                                                    "is_parallel": true,
                                                                    "self": 0.265797102999894
                                                                }
                                                            }
                                                        }
                                                    }
                                                }
                                            }
                                        }
                                    }
                                }
                            }
                        },
                        "trainer_advance": {
                            "total": 0.2451036600001899,
                            "count": 2293,
                            "self": 0.059935708000239174,
                            "children": {
                                "process_trajectory": {
                                    "total": 0.18516795199995073,
                                    "count": 2293,
                                    "self": 0.18516795199995073
                                }
                            }
                        }
                    }
                },