{
    "name": "root",
    "metadata": {
        "timer_format_version": "0.1.0",
        "start_time_seconds": "1622655497",
        "python_version": "3.9.2 (default, Feb 24 2021, 13:26:09) \n[Clang 12.0.0 (clang-1200.0.32.29)]",
        "command_line_arguments": "/usr/local/bin/mlagents-learn --run-id=Test4 --force",
        "mlagents_version": "0.26.0",
        "mlagents_envs_version": "0.26.0",
        "communication_protocol_version": "1.5.0",
        "pytorch_version": "1.7.1",
        "numpy_version": "1.19.5",
        "end_time_seconds": "1622655543"
    },
    "total": 46.56684328200001,
    "count": 1,
    "self": 0.005944097000011084,
    "children": {
        "run_training.setup": {
            "total": 0.3046370879999998,
            "count": 1,
            "self": 0.3046370879999998
        },
        "TrainerController.start_learning": {
            "total": 46.256262097,
            "count": 1,
            "self": 0.021905097000022522,
            "children": {
                "TrainerController._reset_env": {
                    "total": 31.164541833999998,
                    "count": 1,
                    "self": 31.164541833999998
                },
                "TrainerController.advance": {
                    "total": 14.84895884199998,
                    "count": 945,
                    "self": 0.021281412999762495,
                    "children": {
                        "env_step": {
                            "total": 14.711883347000217,
                            "count": 945,
                            "self": 13.315637963000277,
                            "children": {
                                "SubprocessEnvManager._take_step": {
                                    "total": 1.3827481080000084,
                                    "count": 945,
                                    "self": 0.05648430099999757,
                                    "children": {
                                        "TorchPolicy.evaluate": {
                                            "total": 1.3262638070000108,
                                            "count": 923,
                                            "self": 0.3272151300000843,
                                            "children": {
                                                "TorchPolicy.sample_actions": {
                                                    "total": 0.9990486769999265,
                                                    "count": 923,
                                                    "self": 0.9990486769999265
                                                }
                                            }
                                        }
                                    }
                                },
                                "workers": {
                                    "total": 0.013497275999931446,
                                    "count": 944,
                                    "self": 0.0,
                                    "children": {
                                        "worker_root": {
                                            "total": 32.65139501999989,
                                            "count": 944,
                                            "is_parallel": true,
                                            "self": 20.306082719999836,
                                            "children": {
                                                "steps_from_proto": {
                                                    "total": 0.0016810389999992736,
                                                    "count": 1,
                                                    "is_parallel": true,
                                                    "self": 0.0006369959999990016,
                                                    "children": {
                                                        "_process_rank_one_or_two_observation": {
                                                            "total": 0.001044043000000272,
                                                            "count": 2,
                                                            "is_parallel": true,
                                                            "self": 0.001044043000000272
                                                        }
                                                    }
                                                },
                                                "UnityEnvironment.step": {
                                                    "total": 12.343631261000052,
                                                    "count": 944,
                                                    "is_parallel": true,
                                                    "self": 0.07481253799993937,
                                                    "children": {
                                                        "UnityEnvironment._generate_step_input": {
                                                            "total": 0.16833271300001584,
                                                            "count": 944,
                                                            "is_parallel": true,
                                                            "self": 0.16833271300001584
                                                        },
                                                        "communicator.exchange": {
                                                            "total": 11.788718018999965,
                                                            "count": 944,
                                                            "is_parallel": true,
                                                            "self": 11.788718018999965
                                                        },
                                                        "steps_from_proto": {
                                                            "total": 0.3117679910001314,
                                                            "count": 944,
                                                            "is_parallel": true,
                                                            "self": 0.19166990600020029,
                                                            "children": {
                                                                "_process_rank_one_or_two_observation": {
                                                                    "total": 0.12009808499993113,
                                                                    "count": 1888,
                                                                    "is_parallel": true,
                                                                    "self": 0.12009808499993113
                                                                }
                                                            }
                                                        }
                                                    }
                                                }
                                            }
                                        }
                                    }
                                }
                            }
                        },
                        "trainer_advance": {
                            "total": 0.11579408200000074,
                            "count": 944,
                            "self": 0.026741081000004385,
                            "children": {
                                "process_trajectory": {
                                    "total": 0.08905300099999636,
                                    "count": 944,
                                    "self": 0.08905300099999636
                                }
                            }
                        }
                    }
                },